sex,weight_total,weight_pos,pos_rate_w,weight_share
Male,169442654.14,17490128.54,0.10322152133871196,0.48796157942930546
Female,177803238.33,4751116.71,0.026721204600233445,0.5120384205706945
