race,weight_total,weight_pos,pos_rate_w,weight_share
Asian or Pacific Islander,8920935.65,678296.38,0.07603421957202437,0.025690543339603987
White,287845784.71,20276546.880000003,0.07044239643956676,0.8289393509092932
Amer Indian Aleut or Eskimo,2053395.29,72815.53,0.035461038775442016,0.005913375318550101
Other,3940880.24,106241.12,0.0269587283880517,0.011348961428940357
Black,44484896.58,1107345.34,0.024892613563989995,0.12810776900361243
