citizenship,weight_total,weight_pos,pos_rate_w,weight_share
Foreign born- U S citizen by naturalization,9195009.12,961352.12,0.10455151348452388,0.026479821127889637
Native- Born abroad of American Parent(s),2954360.24,225722.66,0.07640322833480861,0.008507977499705744
Native- Born in the United States,312391158.81,20205017.41,0.06467858273251878,0.8996252096401363
Foreign born- Not a citizen of U S,20944527.22,813799.27,0.038854983999013375,0.060316126624332875
Native- Born in Puerto Rico or U S Outlying,1760837.08,35353.79,0.02007783139141981,0.005070865107935369
