marital stat,weight_total,weight_pos,pos_rate_w,weight_share
Married-civilian spouse present,144404241.41,17234551.75,0.1193493458482758,0.4158558662359863
Divorced,23177469.11,1869874.3,0.08067637976888668,0.06674656090281154
Married-spouse absent,2648742.06,148259.46,0.05597353635861394,0.007627857139386713
Separated,6448192.12,324806.52999999997,0.050371720314065324,0.018569527415092713
Widowed,17549121.46,561114.14,0.03197391626007927,0.0505380246118135
Married-A F spouse present,1100045.32,27447.85,0.024951562904699232,0.0031679145638707235
Never married,151918080.99,2075191.22,0.013659935713225598,0.4374942491310386
